#,Song,Artist,Popularity,BPM,Genres,Parent Genres,Album,Album Date,Time,Dance,Energy,Acoustic,Instrumental,Happy,Speech,Live,Loud,Key,Time Signature,Added At,Spotify Track Id,Album Label,Camelot,"Spotify Track Img","Song Preview"
1,"Balmain Jeans","Kid Cudi,Raphael Saadiq",36,160,"hip hop, ohio hip hop, pop rap, rap, funk, neo soul, soul","R&B, Hip Hop","KiD CuDi presents SATELLITE FLIGHT: The journey to Mother Moon",2014-01-01,05:27,51,73,48,0,60,0,0,-6,C♯/D♭ Major,4,2022-06-18,4ye8dQDob59j8hbwIfXKYa,"Kid Cudi/Universal Records",3B,,https://i.scdn.co/image/ab67616d00004851e2d1b3c2dbdfe07013fb91bb
2,"White Ferrari","Frank Ocean",83,109,"lgbtq+ hip hop, neo soul","Hip Hop, R&B","Blonde",2016-08-20,04:08,50,10,77,0,20,0,30,-16,C Major,4,2022-06-18,2LMkwUfqC6S6s6qDVlEuzV,"Boys Don't Cry",8B,https://p.scdn.co/mp3-preview/bff77236970b7f90cdfc274b18b55ce7bf584bcc?cid=0dd13485836e45ac9134860ee53d835f,https://i.scdn.co/image/ab67616d00004851c5649add07ed3720be9d5526
3,"Wolves","Kanye West",72,156,"chicago rap, hip hop, rap","Hip Hop","The Life Of Pablo",2016-06-10,05:01,40,39,22,0,10,0,10,-8,C♯/D♭ Major,4,2022-06-18,432hUIl3ISDeytYW5XBQ5h,"Rock The World/IDJ/Kanye LP7",3B,,https://i.scdn.co/image/ab67616d000048512a7db835b912dc5014bd37f4
4,"ASTROTHUNDER","Travis Scott",79,152,"hip hop, rap, slap house","Hip Hop, Electronic","ASTROWORLD",2018-08-03,02:22,70,46,14,0,29,0,10,-8,E Minor,4,2022-06-18,4MXhiYIRDMGAuvZc5IFTwC,"Cactus Jack / Epic",9A,https://p.scdn.co/mp3-preview/7400069aa1157e71455bf45fcbf29d897287b2a2?cid=0dd13485836e45ac9134860ee53d835f,https://i.scdn.co/image/ab67616d00004851072e9faef2ef7b6db63834a3
5,"Location","Playboi Carti",82,126,"atl hip hop, plugg, pluggnb, rage rap, rap","Hip Hop","Playboi Carti",2017-04-14,02:48,72,79,33,0,37,20,50,-4,B Major,4,2022-06-18,3yk7PJnryiJ8mAPqsrujzf,"AWGE Label",1B,,https://i.scdn.co/image/ab67616d00004851e31a279d267f3b3d8912e6f1
6,"Alone Again","The Weeknd",70,65,"canadian contemporary r&b, canadian pop, pop","R&B, Pop","After Hours",2020-03-20,04:10,22,65,3,11,6,0,10,-8,E Minor,4,2022-06-18,6b5P51m8xx2XA6U7sdNZ5E,"Republic Records",9A,,https://i.scdn.co/image/ab67616d000048518863bc11d2aa12b54f5aeb36
7,"Excuse Me","A$AP Rocky",64,122,"east coast hip hop, hip hop, rap, trap","Hip Hop","AT.LONG.LAST.A$AP",2015-05-26,03:58,65,71,33,0,41,0,10,-8,G#/A♭ Major,4,2022-06-18,3I8MbKRkS2IBDuslhCS3iT,"A$AP Worldwide/Polo Grounds Music/RCA Records",4B,https://p.scdn.co/mp3-preview/96b7f63c3015ee198bbf238b16d0a7a9fbf000fe?cid=0dd13485836e45ac9134860ee53d835f,https://i.scdn.co/image/ab67616d0000485181a6a2cafab2e7a4066b5eec
8,"Skin and Bones","070 Shake",52,116,"new jersey rap","Hip Hop","You Can’t Kill Me",2022-06-03,03:34,61,63,4,0,33,0,0,-6,C Major,4,2022-06-18,4CZgQq8KJYWGh1bM3sqGmd,"Getting Out Our Dreams Inc. (G.O.O.D.) Music / IDJ",8B,,https://i.scdn.co/image/ab67616d00004851a6dd9a81268761d323411303
9,"Myth","Beach House",62,142,"art pop, baltimore indie, dream pop, dreamo, indie rock, indietronica, modern dream pop, pov: indie","Pop, Rock","Bloom",2012-05-14,04:18,45,70,3,12,41,0,0,-6,D#/E♭ Major,4,2022-06-18,2Zw3HNjaNV42LnQ2uY5JQs,"Bella Union",5B,https://p.scdn.co/mp3-preview/23bd047080a44990dfd48ab362e6191904fc0356?cid=0dd13485836e45ac9134860ee53d835f,https://i.scdn.co/image/ab67616d00004851fab2fadd4f2b3e54f8bfbc26
10,"Star Shopping","Lil Peep",8,93,"cloud rap, emo rap, lgbtq+ hip hop","Hip Hop","Star Shopping",2015-00-00,02:22,59,47,10,2,32,0,10,-10,E Minor,4,2022-06-18,30bqVoKjX479ab90a8Pafp,"Lil Peep",9A,,https://i.scdn.co/image/ab67616d00004851e813c020ab6245eae154ec16
11,"Jimmy Cooks (feat. 21 Savage)","Drake,21 Savage",89,166,"canadian hip hop, canadian pop, hip hop, pop rap, rap, atl hip hop","Hip Hop, Pop","Honestly, Nevermind",2022-06-17,03:38,53,67,0,0,37,10,0,-5,C Major,4,2022-06-18,3F5CgOj3wFlRv51JsHbxhe,"OVO",8B,,https://i.scdn.co/image/ab67616d000048518dc0d801766a5aa6a33cbe37
12,"Broken Whiskey Glass","Post Malone",0,100,"dfw rap, melodic rap, pop, rap","Hip Hop, Pop","Stoney",2016-12-09,03:53,47,69,31,0,12,0,10,-7,D Minor,4,2022-06-18,0PHXs3kOWF6uGDMVSOUjvm,"Universal Music Group",7A,,https://i.scdn.co/image/ab67616d0000485109a51bd361845073cbd501b7
13,"SHUT UP","DaBaby",45,130,"hip hop, north carolina hip hop, pop rap, rap, trap","Hip Hop","SHUT UP",2020-02-06,02:50,87,56,20,0,25,20,10,-6,C♯/D♭ Major,4,2022-06-18,3ekxXNSH4mgUnMprSnopls,"South Coast Music Group/Interscope Records",3B,,https://i.scdn.co/image/ab67616d000048517423b03e23e9476291199aee
14,"FEEL THE DRANK","NICKY $lIME",1,129,"","","MAD SESH VOL. 2: "THE SECOND ROTATION"",2022-04-20,02:51,70,80,1,13,39,0,40,-8,A#/B♭ Minor,5,2022-06-18,4PdUel2ozM0SCbIDNPAcQx,"2132396 Records DK",3A,https://p.scdn.co/mp3-preview/1a12d1694c26ba36352120cd8b1f8fdf4bda6961?cid=0dd13485836e45ac9134860ee53d835f,https://i.scdn.co/image/ab67616d000048515fab82abc0b84717f79843d1
15,"Falling Back","Drake",63,119,"canadian hip hop, canadian pop, hip hop, pop rap, rap","Hip Hop, Pop","Honestly, Nevermind",2022-06-17,04:26,72,76,24,1,35,0,10,-8,A#/B♭ Major,4,2022-06-18,1vbn9fEyw1IYhqgZJdu9ZB,"OVO",6B,,https://i.scdn.co/image/ab67616d000048518dc0d801766a5aa6a33cbe37
16,"Glimpse of Us","Joji",84,170,"viral pop","Pop","Glimpse of Us",2022-06-10,03:53,44,32,89,0,27,0,10,-9,G#/A♭ Major,3,2022-06-18,6xGruZOHLs39ZbVccQTuPZ,"88rising Music/Warner Records",4B,https://p.scdn.co/mp3-preview/12e4a7ef3f1051424e6e282dfba83fe8448e122f?cid=0dd13485836e45ac9134860ee53d835f,https://i.scdn.co/image/ab67616d0000485108596cc28b9f5b00bfe08ae7
17,"FEAR.","Kendrick Lamar",69,150,"conscious hip hop, hip hop, rap, west coast rap","Hip Hop","DAMN.",2017-04-14,07:40,59,48,60,0,43,20,50,-7,C♯/D♭ Major,4,2022-06-18,23luOrEVHMfoX0AhfbQuS6,"Aftermath",3B,,https://i.scdn.co/image/ab67616d000048518b52c6b9bc4e43d873869699
18,"Who Want Smoke?? (feat. G Herbo, Lil Durk & 21 Savage)","Nardo Wick,G Herbo,Lil Durk,21 Savage",68,76,"florida drill, florida rap, southern hip hop, chicago drill, chicago rap, drill, trap, hip hop, rap, atl hip hop","Hip Hop","Who Want Smoke?? (feat. G Herbo, Lil Durk & 21 Savage)",2021-10-08,04:39,74,74,0,0,49,30,10,-6,F Minor,4,2022-06-18,4yNoUQkYf1QF8iYlEzNynH,"Not specified",4A,https://p.scdn.co/mp3-preview/690c52b5f0ab7a2a9ae1152bd4fc4f0b9270e708?cid=0dd13485836e45ac9134860ee53d835f,https://i.scdn.co/image/ab67616d00004851f26d2f6179baec2205ab7d48
19,"Nikes","Frank Ocean",74,138,"lgbtq+ hip hop, neo soul","Hip Hop, R&B","Blonde",2016-08-20,05:14,63,40,69,0,12,0,10,-10,G#/A♭ Major,4,2022-06-18,19YKaevk2bce4odJkP5L22,"Boys Don't Cry",4B,https://p.scdn.co/mp3-preview/28e1dce03e8ded7252036d30e440fe1113fead4c?cid=0dd13485836e45ac9134860ee53d835f,https://i.scdn.co/image/ab67616d00004851c5649add07ed3720be9d5526
20,"Count Me Out","Kendrick Lamar",0,134,"conscious hip hop, hip hop, rap, west coast rap","Hip Hop","Mr. Morale & The Big Steppers",2022-05-13,04:43,78,43,67,0,50,0,10,-8,E Minor,4,2022-06-18,7pj6P5WnxkZsw3XRc8eMe1,"pgLang/Top Dawg Entertainment/Aftermath/Interscope Records",9A,,https://i.scdn.co/image/ab67616d00004851f30764d5fa1e439ad6a7742f
21,"Die For You","The Weeknd",85,133,"canadian contemporary r&b, canadian pop, pop","R&B, Pop","Starboy",2016-11-25,04:20,58,53,11,0,51,0,10,-7,C♯/D♭ Minor,4,2022-06-18,2Ch7LmS7r2Gy2kc64wv3Bz,"Universal Republic Records",12A,,https://i.scdn.co/image/ab67616d000048514718e2b124f79258be7bc452
22,"Myself","NAV",70,80,"canadian hip hop, canadian trap, melodic rap, rap, trap","Hip Hop","NAV",2017-02-24,03:46,75,40,65,0,9,10,10,-7,F Minor,4,2022-08-30,05nbZ1xxVNwUTcGwLbp7CN,"XO Records",4A,,https://i.scdn.co/image/ab67616d0000485109641cc11bfab19e890bbf58
23,"Bad Bad Bad (feat. Lil Baby)","Young Thug,Lil Baby",70,112,"atl hip hop, atl trap, gangster rap, melodic rap, rap, trap","Hip Hop","So Much Fun",2019-08-16,02:29,97,60,10,0,89,10,10,-9,F#/G♭ Major,4,2022-08-30,1GeNui6m825V8jP4uKiIaH,"300 Entertainment/Atl",2B,https://p.scdn.co/mp3-preview/a8478879438b99a0e1ee933e40a324033942806b?cid=0dd13485836e45ac9134860ee53d835f,https://i.scdn.co/image/ab67616d000048516fcd1b6e205d0d19d9efa0cc
24,"PUFFIN ON ZOOTIEZ","Future",82,125,"atl hip hop, hip hop, rap, southern hip hop, trap","Hip Hop","I NEVER LIKED YOU",2022-04-29,02:52,88,66,6,0,28,30,10,-6,G#/A♭ Major,4,2022-09-11,1qMMYpVatbRITKCfq1gasi,"Epic/Freebandz",4B,https://p.scdn.co/mp3-preview/a5bb6f511c845bd5f971e0fca5ba45f080835ca9?cid=0dd13485836e45ac9134860ee53d835f,https://i.scdn.co/image/ab67616d0000485186badd635b69aea887862214
25,"vent","Baby Keem",71,114,"hip hop, rap","Hip Hop","The Melodic Blue",2021-09-10,02:16,90,38,1,0,26,0,10,-6,A Major,4,2022-09-25,1ITpqT1kDATCtMBwOK7sYn,"Columbia",11B,https://p.scdn.co/mp3-preview/e2364b72a659dcb9ce59f01f95406dcbc9c04f86?cid=0dd13485836e45ac9134860ee53d835f,https://i.scdn.co/image/ab67616d000048511bfa23b13d0504fb90c37b39
26,"HOTEL LOBBY (Unc & Phew)","Quavo,Takeoff",73,128,"atl hip hop, melodic rap, rap, trap","Hip Hop","HOTEL LOBBY (Unc & Phew)",2022-05-20,02:22,82,64,14,0,16,10,20,-4,B Major,4,2022-10-08,0QNNd0qMCDbraS1nQPg3aA,"Quality Control Music/Motown Records",1B,,https://i.scdn.co/image/ab67616d00004851e5d4be66b75f70d2ffc7b134
27,"Too Comfortable","Future",75,130,"atl hip hop, hip hop, rap, southern hip hop, trap","Hip Hop","High Off Life",2020-05-15,03:56,94,47,5,0,66,0,10,-9,D#/E♭ Minor,4,2022-10-22,0biVzpdI2z0vAxwfU9xuuA,"Epic/Freebandz",2A,https://p.scdn.co/mp3-preview/976f20418af4893c54c84509ffa6b272d874ca74?cid=0dd13485836e45ac9134860ee53d835f,https://i.scdn.co/image/ab67616d00004851935d8d5369bc55e74a39303e
28,"Glock In My Lap","21 Savage,Metro Boomin",87,130,"atl hip hop, hip hop, rap","Hip Hop","SAVAGE MODE II",2020-10-02,03:13,85,73,1,0,20,10,10,-6,A#/B♭ Minor,4,2022-11-03,6pcywuOeGGWeOQzdUyti6k,"Slaughter Gang, LLC/Epic/Boominati Worldwide/Republic",3A,https://p.scdn.co/mp3-preview/47a0a844bde0ea1941ecdcfc8f7ddc328afd6d73?cid=0dd13485836e45ac9134860ee53d835f,https://i.scdn.co/image/ab67616d00004851aa57907bf0cb2ca0c8cc74bc
29,"Rich Flex","Drake,21 Savage",87,153,"canadian hip hop, canadian pop, hip hop, pop rap, rap, atl hip hop","Hip Hop, Pop","Her Loss",2022-11-04,03:59,56,52,5,0,42,20,30,-9,B Minor,3,2022-11-13,1bDbXMyjaUIooNwFE9wn0N,"OVO / Republic Records",10A,,https://i.scdn.co/image/ab67616d0000485102854a7060fccc1a66a4b5ad
30,"Niagara Falls (Foot or 2) [with Travis Scott & 21 Savage]","Metro Boomin,Travis Scott,21 Savage",9,88,"rap, hip hop, slap house, atl hip hop","Hip Hop, Electronic","HEROES & VILLAINS",2022-12-02,03:27,49,66,19,0,24,20,10,-5,G Minor,4,2022-12-02,5XJWEh8huqG0l9RgRyArtv,"Republic Records",6A,,https://i.scdn.co/image/ab67616d00004851cdce39ecb633bea9ef7705a6
31,"On Time (with John Legend)","Metro Boomin,John Legend",0,80,"rap, neo soul, pop, pop soul, urban contemporary","R&B, Pop, Hip Hop","HEROES & VILLAINS",2022-12-02,02:48,33,59,76,0,51,0,40,-7,F Minor,4,2022-12-24,2AJ9m2GYvegfJul4GdERER,"Republic Records",4A,,https://i.scdn.co/image/ab67616d00004851cdce39ecb633bea9ef7705a6
32,"Superhero (Heroes & Villains) [with Future & Chris Brown]","Metro Boomin,Future,Chris Brown",3,117,"rap, atl hip hop, hip hop, southern hip hop, trap, r&b","Hip Hop, R&B","HEROES & VILLAINS",2022-12-02,03:02,72,59,14,0,45,20,20,-5,F Minor,4,2022-12-12,70UV1HmppYUxBI6yCev4d5,"Republic Records",4A,,https://i.scdn.co/image/ab67616d00004851cdce39ecb633bea9ef7705a6
33,"Creepin' (with The Weeknd & 21 Savage)","Metro Boomin,The Weeknd,21 Savage",39,98,"rap, canadian contemporary r&b, canadian pop, pop, atl hip hop, hip hop","Hip Hop, R&B, Pop","HEROES & VILLAINS",2022-12-02,03:41,71,61,36,0,17,0,0,-6,C♯/D♭ Minor,4,2022-12-04,64BuLY7ggczC17w5LSUlSE,"Republic Records",12A,,https://i.scdn.co/image/ab67616d00004851cdce39ecb633bea9ef7705a6
34,"Pussy & Millions (feat. Travis Scott)","Drake,21 Savage,Travis Scott",79,122,"canadian hip hop, canadian pop, hip hop, pop rap, rap, atl hip hop, slap house","Hip Hop, Pop, Electronic","Her Loss",2022-11-04,04:02,75,63,6,0,45,10,30,-7,E Minor,4,2022-12-24,2KLwPaRDOB87XOYAT2fgxh,"OVO / Republic Records",9A,,https://i.scdn.co/image/ab67616d0000485102854a7060fccc1a66a4b5ad
35,"Sagittarius","88GLAM",47,105,"canadian hip hop, canadian trap, melodic rap","Hip Hop","New Mania",2020-06-26,02:13,83,50,33,0,56,10,20,-9,C♯/D♭ Major,3,2023-02-20,5cu1GORmCYOnjYbDYt9itn,"88GLAM",3B,https://p.scdn.co/mp3-preview/8b3f069a4f57f073ac97c2b2ba501b7381076e0a?cid=0dd13485836e45ac9134860ee53d835f,https://i.scdn.co/image/ab67616d000048515492dbd313d09a680fcd7971
36,"Trance (with Travis Scott & Young Thug)","Metro Boomin,Travis Scott,Young Thug",89,119,"rap, hip hop, slap house, atl hip hop, atl trap, gangster rap, melodic rap, trap","Hip Hop, Electronic","HEROES & VILLAINS",2022-12-02,03:14,57,55,18,0,45,40,10,-7,C♯/D♭ Minor,4,2023-04-24,5wG3HvLhF6Y5KTGlK0IW3J,"Republic Records",12A,,https://i.scdn.co/image/ab67616d00004851c4fee55d7b51479627c31f89
37,"family ties (with Kendrick Lamar)","Baby Keem,Kendrick Lamar",84,134,"hip hop, rap, conscious hip hop, west coast rap","Hip Hop","The Melodic Blue",2021-09-10,04:12,71,61,1,0,14,30,20,-5,C♯/D♭ Major,4,2023-04-24,3QFInJAm9eyaho5vBzxInN,"Columbia",3B,https://p.scdn.co/mp3-preview/376965c332ef1da7f59826c2c12160456e960b8b?cid=0dd13485836e45ac9134860ee53d835f,https://i.scdn.co/image/ab67616d000048511bfa23b13d0504fb90c37b39
38,"I'm so Groovy","Future",19,138,"atl hip hop, hip hop, rap, southern hip hop, trap","Hip Hop","FUTURE",2017-08-04,04:21,94,48,4,1,39,20,0,-10,C♯/D♭ Major,4,2023-04-24,4lozYCMRLtEc46exlhoK2Q,"Epic/Freebandz/A1",3B,https://p.scdn.co/mp3-preview/875dc9a6142d02fa95fd1f468f3ded9ba6d8f2ae?cid=0dd13485836e45ac9134860ee53d835f,https://i.scdn.co/image/ab67616d00004851356884f85665ebdd79223fdf
39,"Still Serving","21 Savage,Offset,Metro Boomin",59,116,"atl hip hop, hip hop, rap, pop rap, trap","Hip Hop","Without Warning",2017-10-30,03:51,93,54,41,0,66,0,10,-7,F Major,4,2023-04-24,6m6Oy3F6GG0zRwH03rWmTv,"Slaughter Gang, LLC/Epic/Quality Control Music/Motown/Capitol/Boominati Worldwide/Republic",7B,https://p.scdn.co/mp3-preview/5b67de33186fa5c0f2dff0c82442317fb681e7cc?cid=0dd13485836e45ac9134860ee53d835f,https://i.scdn.co/image/ab67616d000048510db43130a9aaa7bae56967ed
40,"Syphilis","Juice WRLD",0,148,"chicago rap, melodic rap, rap","Hip Hop","Death Race For Love",2019-03-08,02:11,78,66,7,0,34,20,10,-3,C♯/D♭ Major,4,2023-04-24,4dOmgE4ULbySxpeGObN8RL,"Grade A Productions/Interscope Records",3B,,https://i.scdn.co/image/ab67616d00004851af149eb4002f65f83afc63c4
41,"a m a r i","J. Cole",76,66,"conscious hip hop, hip hop, north carolina hip hop, rap","Hip Hop","The Off-Season",2021-05-14,02:28,73,71,13,0,21,10,60,-6,E Minor,4,2023-04-24,2cnKST6T9qUo2i907lm8zX,"Dreamville, Inc., Under exclusive license to Roc Nation Records",9A,,https://i.scdn.co/image/ab67616d0000485110e6745bb2f179dd3616b85f
42,"Moon Rock","Huncho Jack,Travis Scott,Quavo",56,143,"melodic rap, trap, hip hop, rap, slap house, atl hip hop","Hip Hop, Electronic","Huncho Jack, Jack Huncho",2017-12-21,02:31,72,72,1,0,20,0,10,-4,G#/A♭ Major,4,2023-05-07,7bTH8LgGSwyNNE4r1k95Zp,"Quality Control Music - Epic",4B,,https://i.scdn.co/image/ab67616d00004851631973893e94d01cfcdf0e5e
43,"BIGGEST ALLEY OOP","Quavo",53,75,"atl hip hop, melodic rap, rap, trap","Hip Hop","QUAVO HUNCHO",2018-10-12,03:00,86,41,17,0,5,10,10,-5,C Major,4,2023-05-07,6Q36XucqrejMId3RydVhch,"Quality Control Music/Motown Records/Capitol Records",8B,,https://i.scdn.co/image/ab67616d00004851a1fc738279f01eb8086fc44d
44,"OSOM (feat. J. Cole)","Jay Rock,J. Cole",57,125,"conscious hip hop, hip hop, rap, southern hip hop, trap, north carolina hip hop","Hip Hop","Redemption",2018-06-15,05:23,75,67,41,0,40,20,30,-7,G#/A♭ Minor,4,2023-05-21,0QLuexVmR2wgNsekPKbv6c,"Top Dawg Ent./Interscope Records",1A,,https://i.scdn.co/image/ab67616d00004851c30d59775ce5ef3f59138f59
45,"Flooded The Face","Lil Uzi Vert",78,132,"hip hop, melodic rap, philly rap, rage rap, rap","Hip Hop","Pink Tape",2023-06-30,03:12,64,61,49,0,39,30,10,-8,C♯/D♭ Minor,4,2023-06-30,4daEMLSZCgZ2Mt7gNm2SRa,"Generation Now/Atlantic",12A,https://p.scdn.co/mp3-preview/29fa368f86d45149980a5acfa907a7830fcb3bfc?cid=0dd13485836e45ac9134860ee53d835f,https://i.scdn.co/image/ab67616d00004851a0e7694a73abed7372474d69
46,"Iron On Me (Cookie Crisp) [Challenger]","Soda GLXY",0,140,"","","Holy Grail",2021-08-10,03:26,66,82,15,0,68,10,10,-6,A#/B♭ Minor,4,2023-08-29,11FhqYr5XOAM7YTLppmfmj,"999",3A,,https://i.scdn.co/image/ab67616d00004851fc04ec634f8856d0841c75a1
47,"Embarrassed (feat. Travis Scott)","Don Toliver,Travis Scott",75,116,"pop rap, rap, trap, hip hop, slap house","Hip Hop, Electronic","Love Sick (Deluxe)",2023-02-28,03:12,86,50,38,0,54,0,10,-6,E Minor,4,2023-08-30,6w9GrSUaQQIaMBYtabge7p,"Cactus Jack / Atlantic",9A,https://p.scdn.co/mp3-preview/be40a23e12250a5fd161eef7934bf9738e36fefe?cid=0dd13485836e45ac9134860ee53d835f,https://i.scdn.co/image/ab67616d00004851f5e27c2aa0b110c2b6611577
48,"GET THE FUCK OUT","Ufo361,Lil Gotit,OZ",46,123,"german cloud rap, german hip hop, atl trap, trap, ","Hip Hop","LOVE MY LIFE",2023-03-03,01:49,94,47,3,19,20,10,10,-9,B Major,4,2023-08-30,3DCe9Tj1KsZ1K9iQh8uNQF,"Stay High",1B,https://p.scdn.co/mp3-preview/cbcd6938680280dbdeefc219070f42b84c789ac7?cid=0dd13485836e45ac9134860ee53d835f,https://i.scdn.co/image/ab67616d000048519da175bba73d020fbc19de65
49,"44 Bars","Logic",63,94,"conscious hip hop, hip hop, pop rap, rap","Hip Hop","Bobby Tarantino",2016-07-01,03:02,73,63,35,0,31,30,20,-9,F#/G♭ Minor,4,2023-08-30,4s2BWgnSQ9NZiOQM4PP4HB,"Def Jam Recordings",11A,,https://i.scdn.co/image/ab67616d00004851b497e0b2e0c08b470ee70648
50,"Hellcat Kenny (feat. Lil Uzi Vert)","Young Thug,Lil Uzi Vert",62,140,"atl hip hop, atl trap, gangster rap, melodic rap, rap, trap, hip hop, philly rap, rage rap","Hip Hop","BUSINESS IS BUSINESS",2023-06-23,02:34,93,50,7,0,69,20,0,-9,G#/A♭ Minor,4,2023-08-30,5nYygW7bTgPOhckh3uDR9L,"300 Entertainment/Atl",1A,https://p.scdn.co/mp3-preview/9c060f3b977ff72dec1a57ca07b4d810ada0e331?cid=0dd13485836e45ac9134860ee53d835f,https://i.scdn.co/image/ab67616d0000485137895eee206eabf2682e3064
51,"x2","Lil Uzi Vert",65,148,"hip hop, melodic rap, philly rap, rage rap, rap","Hip Hop","Pink Tape",2023-06-30,03:54,64,89,0,0,45,10,10,-5,A#/B♭ Minor,3,2023-08-30,3a36nM6fPVA8K1vqq6d03o,"Generation Now/Atlantic",3A,https://p.scdn.co/mp3-preview/0939a1e09422f0bdf9f067c2b9b0fd86028cb6bc?cid=0dd13485836e45ac9134860ee53d835f,https://i.scdn.co/image/ab67616d00004851a0e7694a73abed7372474d69
52,"Aye (feat. Travis Scott)","Lil Uzi Vert,Travis Scott",75,112,"hip hop, melodic rap, philly rap, rage rap, rap, slap house","Hip Hop, Electronic","Pink Tape",2023-06-30,03:27,78,60,0,0,12,0,10,-4,A Minor,4,2023-08-30,2Hc1LaV6bzFil3dE71eORA,"Generation Now/Atlantic",8A,https://p.scdn.co/mp3-preview/b7e4a76fb31ac82548d45c52a07abdeee48a9a84?cid=0dd13485836e45ac9134860ee53d835f,https://i.scdn.co/image/ab67616d00004851a0e7694a73abed7372474d69
53,"Surround Sound (feat. 21 Savage & Baby Tate)","JID,21 Savage,Baby Tate",94,76,"hip hop, pop rap, rap, underground hip hop, atl hip hop, trap queen","Hip Hop, R&B","The Forever Story (Extended Version)",2022-10-31,03:49,57,56,17,0,47,40,20,-7,F Major,4,2023-08-30,1udwFobQ1JoOdWPQrp2b6u,"Dreamville/Interscope",7B,,https://i.scdn.co/image/ab67616d00004851cae6e44dcc84e2035c3ad092
54,"I THINK","Tyler, The Creator",75,121,"hip hop, rap","Hip Hop","IGOR",2019-05-17,03:32,83,58,1,0,43,0,10,-8,G#/A♭ Minor,4,2023-08-30,4f8Mh5wuWHOsfXtzjrJB3t,"Columbia",1A,https://p.scdn.co/mp3-preview/e3be3ca8e4b8f303b81714bc065d6bf74ef0abcf?cid=0dd13485836e45ac9134860ee53d835f,https://i.scdn.co/image/ab67616d000048517005885df706891a3c182a57
55,"Red Room","Offset",57,112,"atl hip hop, hip hop, pop rap, rap, trap","Hip Hop","Red Room",2019-02-14,04:01,94,56,48,0,52,10,10,-9,G Minor,4,2023-08-31,2MJdgSby3DtSS7bUJx2cly,"Quality Control Music/Motown Records/Capitol Records",6A,,https://i.scdn.co/image/ab67616d0000485157d507a1e6544c22fdc1e6fb
56,"Pinball II (feat .Correy C)","Bas,Correy C",42,140,"queens hip hop, rap, sudanese hip hop, sudanese pop, underground hip hop, westcoast flow","Hip Hop, Pop","Pinball II (feat. Correy C)",2018-04-10,02:59,82,64,11,0,25,30,0,-9,B Minor,4,2023-08-31,73Qx1L56VRLYyKqfSi3xLE,"J. Cole/ DreamVille",10A,,https://i.scdn.co/image/ab67616d0000485108cace92cf686bca67b53e36
57,"Pull Up (feat. 21 Savage)","Toosii,21 Savage",74,125,"north carolina hip hop, atl hip hop, hip hop, rap","Hip Hop","NAUJOUR",2023-06-02,02:13,94,52,20,0,52,30,20,-7,C♯/D♭ Major,4,2023-09-01,4EzkcqltSOxYE2lstuLOFs,"South Coast Music Group/Capitol Records",3B,,https://i.scdn.co/image/ab67616d000048514ba47ca5bfd81313dd1479bd
58,"N95","Kendrick Lamar",81,140,"conscious hip hop, hip hop, rap, west coast rap","Hip Hop","Mr. Morale & The Big Steppers",2022-05-13,03:15,79,67,38,0,41,10,10,-6,C♯/D♭ Major,4,2023-09-01,0fX4oNGBWO3dSGUZcVdVV2,"pgLang/Top Dawg Entertainment/Aftermath/Interscope Records",3B,,https://i.scdn.co/image/ab67616d000048512e02117d76426a08ac7c174f
59,"Search & Rescue","Drake",83,142,"canadian hip hop, canadian pop, hip hop, pop rap, rap","Hip Hop, Pop","Search & Rescue",2023-04-07,04:32,82,44,6,0,54,0,30,-8,A#/B♭ Minor,4,2023-09-02,7aRCf5cLOFN1U7kvtChY1G,"OVO/Republic Records",3A,,https://i.scdn.co/image/ab67616d00004851cace8a4b2ff924c9e12e3a96
60,"Overdue (with Travis Scott)","Metro Boomin,Travis Scott",84,150,"rap, hip hop, slap house","Hip Hop, Electronic","NOT ALL HEROES WEAR CAPES (Deluxe)",2018-11-06,02:46,64,40,73,0,50,0,30,-11,B Minor,4,2023-09-02,6LyAwkJsHlW7RQ8S1cYAtM,"Republic Records",10A,,https://i.scdn.co/image/ab67616d000048512887f8c05b5a9f1cb105be29
61,"TIL FURTHER NOTICE (feat. James Blake & 21 Savage)","Travis Scott,James Blake,21 Savage",80,77,"hip hop, rap, slap house, art pop, indie soul, indietronica, uk alternative pop, atl hip hop","Pop, Hip Hop, R&B, Electronic","UTOPIA",2023-07-28,05:14,65,66,17,1,15,10,10,-7,D#/E♭ Minor,4,2023-09-02,76gcXhY3Zv6wW0BTe9nHJo,"Cactus Jack/Epic",2A,https://p.scdn.co/mp3-preview/fb6ed2aac94b5f412d6e407317df02d2ede71534?cid=0dd13485836e45ac9134860ee53d835f,https://i.scdn.co/image/ab67616d00004851881d8d8378cd01099babcd44
62,"m y . l i f e (with 21 Savage & Morray)","J. Cole,21 Savage,Morray",81,140,"conscious hip hop, hip hop, north carolina hip hop, rap, atl hip hop, pop rap","Hip Hop","The Off-Season",2021-05-14,03:38,60,59,6,0,8,10,20,-7,G Minor,4,2023-09-02,1D3z6HTiQsNmZxjl7F7eoG,"Dreamville, Inc., Under exclusive license to Roc Nation Records",6A,,https://i.scdn.co/image/ab67616d0000485110e6745bb2f179dd3616b85f
63,"Solo","Future",85,111,"atl hip hop, hip hop, rap, southern hip hop, trap","Hip Hop","HNDRXX",2017-07-27,04:25,78,49,5,50,9,0,10,-6,F Minor,4,2023-09-02,4lH6nENd1y81jp7Yt9lTBX,"Epic/Freebandz/A1",4A,https://p.scdn.co/mp3-preview/4d691a3f52d5d7c6f03a14c0a93cb723727204f4?cid=0dd13485836e45ac9134860ee53d835f,https://i.scdn.co/image/ab67616d000048517567ec7d3c07783e4f2111e0
64,"Runnin","21 Savage,Metro Boomin",84,143,"atl hip hop, hip hop, rap","Hip Hop","SAVAGE MODE II",2020-10-02,03:15,82,63,1,10,42,20,10,-5,A#/B♭ Minor,4,2023-09-02,5SWnsxjhdcEDc7LJjq9UHk,"Slaughter Gang, LLC/Epic/Boominati Worldwide/Republic",3A,https://p.scdn.co/mp3-preview/743b07834a095402147d26a45f26688c77f1b6a3?cid=0dd13485836e45ac9134860ee53d835f,https://i.scdn.co/image/ab67616d00004851aa57907bf0cb2ca0c8cc74bc
65,"Rich Nigga Shit (feat. Young Thug)","21 Savage,Metro Boomin,Young Thug",84,98,"atl hip hop, hip hop, rap, atl trap, gangster rap, melodic rap, trap","Hip Hop","SAVAGE MODE II",2020-10-02,03:10,83,73,35,0,62,10,10,-6,C♯/D♭ Minor,4,2023-09-02,3ruoIF2UnoXdzK8mR61ebq,"Slaughter Gang, LLC/Epic/Boominati Worldwide/Republic",12A,https://p.scdn.co/mp3-preview/a972368a3772747a599cfc62b86342ab0767429f?cid=0dd13485836e45ac9134860ee53d835f,https://i.scdn.co/image/ab67616d00004851aa57907bf0cb2ca0c8cc74bc
66,"Codeine Crazy","Future",74,126,"atl hip hop, hip hop, rap, southern hip hop, trap","Hip Hop","Monster",2014-10-28,05:46,75,62,17,0,19,10,30,-7,F#/G♭ Minor,4,2023-09-02,0joQFwiBKmi6X1Iq5R1ubH,"Epic/Freebandz",11A,https://p.scdn.co/mp3-preview/c31a928608fcc674f4d2b8648cb70d87abbb9e15?cid=0dd13485836e45ac9134860ee53d835f,https://i.scdn.co/image/ab67616d00004851e2528d35865f3114cfe9a16e
67,"Tequila Shots","Kid Cudi",72,90,"hip hop, ohio hip hop, pop rap, rap","Hip Hop","Man On The Moon III: The Chosen",2020-12-11,03:13,71,56,8,0,22,0,50,-7,F Minor,4,2023-09-02,30KctD1WsHKTIYczXjip5a,"Republic Records",4A,,https://i.scdn.co/image/ab67616d000048516ff25c2481eeaf6e7284d461
68,"MY EYES","Travis Scott",90,119,"hip hop, rap, slap house","Hip Hop, Electronic","UTOPIA",2023-07-28,04:11,46,62,65,0,28,0,10,-8,C Minor,4,2023-09-05,4kjI1gwQZRKNDkw1nI475M,"Cactus Jack/Epic",5A,https://p.scdn.co/mp3-preview/b52f66d1d36c1253c12a96b673fca7f69f62b4ab?cid=0dd13485836e45ac9134860ee53d835f,https://i.scdn.co/image/ab67616d00004851881d8d8378cd01099babcd44
69,"Turn Yo Clic Up (feat. Future)","Quavo,Future",74,125,"atl hip hop, melodic rap, rap, trap, hip hop, southern hip hop","Hip Hop","Turn Yo Clic Up (feat. Future)",2023-07-14,03:50,87,56,58,0,63,30,10,-7,B Minor,4,2023-09-12,7LTCmtMpf3JPfBE8gAl64z,"Quality Control Music/Motown Records",10A,,https://i.scdn.co/image/ab67616d0000485107e6fcc40c758bfc61c1fd5e
70,"STAYING ALIVE (feat. Drake & Lil Baby)","DJ Khaled,Drake,Lil Baby",67,130,"hip hop, miami hip hop, pop rap, rap, canadian hip hop, canadian pop, atl hip hop, atl trap, trap","Hip Hop, Pop","STAYING ALIVE (feat. Drake & Lil Baby)",2022-08-05,02:58,72,46,7,0,18,0,20,-8,E Minor,4,2023-09-17,0g2Bbgy7P41pFjMWJuzsf4,"Epic/We The Best",9A,https://p.scdn.co/mp3-preview/b559c6e1663bfbfe007369641c13670532721502?cid=0dd13485836e45ac9134860ee53d835f,https://i.scdn.co/image/ab67616d00004851b690b30a50c94c6da49ba948
71,"I KNOW ?","Travis Scott",92,118,"hip hop, rap, slap house","Hip Hop, Electronic","UTOPIA",2023-07-28,03:31,93,62,2,0,82,0,10,-4,F Minor,4,2023-09-18,6wsqVwoiVH2kde4k4KKAFU,"Cactus Jack/Epic",4A,https://p.scdn.co/mp3-preview/71d86e04987feee653ae3087aa76e782bced382d?cid=0dd13485836e45ac9134860ee53d835f,https://i.scdn.co/image/ab67616d00004851881d8d8378cd01099babcd44
72,"SORRY NOT SORRY","Tyler, The Creator",74,96,"hip hop, rap","Hip Hop","CALL ME IF YOU GET LOST: The Estate Sale",2023-03-31,03:26,48,80,40,0,50,20,30,-4,F#/G♭ Minor,3,2023-09-18,410ZZP746AQeiywhKvXWCo,"Columbia",11A,https://p.scdn.co/mp3-preview/70416bd945586a23d770d318303e04936a04bdad?cid=0dd13485836e45ac9134860ee53d835f,https://i.scdn.co/image/ab67616d00004851aa95a399fd30fbb4f6f59fca
73,"COOLER THAN A BITCH (feat. Roddy Ricch)","Gunna,Roddy Ricch",63,117,"atl hip hop, melodic rap, rap, trap","Hip Hop","WUNNA",2020-05-22,03:17,84,59,28,0,62,0,10,-9,B Minor,4,2023-09-25,5LHHKZOwV8XW4LJP2C64mw,"300 Entertainment",10A,https://p.scdn.co/mp3-preview/64ec8c803bab2d60f9444942381adf6fecd94082?cid=0dd13485836e45ac9134860ee53d835f,https://i.scdn.co/image/ab67616d00004851d7547a7624116ac5f8a51fd2
74,"10 Freaky Girls (with 21 Savage)","Metro Boomin,21 Savage",0,88,"rap, atl hip hop, hip hop","Hip Hop","NOT ALL HEROES WEAR CAPES",2018-11-02,03:28,81,35,59,0,7,30,10,-10,F#/G♭ Minor,4,2023-09-25,43lYaovU2FoeuBMNusVVVW,"Republic Records",11A,,https://i.scdn.co/image/ab67616d00004851184cc62dccee251dafefefee
75,"Take One","Kodak Black",0,174,"florida drill, florida rap, melodic rap, miami hip hop, rap, trap, trap latino","Hip Hop, Latin","Take One",2018-11-16,02:45,66,61,12,0,49,40,30,-7,C♯/D♭ Major,4,2023-09-25,6fI3tBVND8zUXZi9rr2Yps,"Atlantic Records",3B,,https://i.scdn.co/image/ab67616d000048518a80369cda28fa5ccefe36b7
76,"Paradies","Ufo361,RAF Camora",0,136,"german cloud rap, german hip hop","Hip Hop","VVS",2018-08-17,03:51,75,49,35,0,24,10,10,-8,A#/B♭ Minor,4,2023-09-25,2kx7rcukcL50UysnBiWJxf,"Stay High",3A,,https://i.scdn.co/image/ab67616d0000485111a53c17aad1a9167250a805
77,"Don't Lose Me","Offset",56,125,"atl hip hop, hip hop, pop rap, rap, trap","Hip Hop","FATHER OF 4",2019-02-22,03:20,88,49,67,0,15,0,30,-7,A#/B♭ Minor,4,2023-09-25,71Hr2rAhEI92BSpFYbzNN7,"Quality Control Music/Motown Records",3A,,https://i.scdn.co/image/ab67616d000048517028679269dc6a5a29ce8f36
78,"No Heart","21 Savage,Metro Boomin",76,140,"atl hip hop, hip hop, rap","Hip Hop","Savage Mode",2016-07-15,03:55,91,44,14,0,68,30,10,-9,E Minor,4,2023-09-25,4gmmRb6bZJffOOiww1JGTO,"Slaughter Gang, LLC",9A,https://p.scdn.co/mp3-preview/117a84c65c137bf12d5dbe28dd8a8700a6ac50e7?cid=0dd13485836e45ac9134860ee53d835f,https://i.scdn.co/image/ab67616d000048512dd1ac4a61495080ef8f78ca
79,"Red Opps","21 Savage",65,141,"atl hip hop, hip hop, rap","Hip Hop","Red Opps",2016-05-15,02:43,70,71,1,0,57,40,10,-6,A Major,4,2023-09-25,3cqZH3cqvfbV8wVbvHyPbG,"Slaughter Gang LLC",11B,https://p.scdn.co/mp3-preview/d1863531ee9d1dd7d792166f39d66f2fcf915f9f?cid=0dd13485836e45ac9134860ee53d835f,https://i.scdn.co/image/ab67616d0000485197395a87de438f1a2312f263
80,"Ghostface Killers (feat. Travis Scott)","21 Savage,Offset,Metro Boomin,Travis Scott",74,83,"atl hip hop, hip hop, rap, pop rap, trap, slap house","Hip Hop, Electronic","Without Warning",2017-10-30,04:28,78,44,33,0,24,10,30,-7,D Major,4,2023-09-25,5u6vkDnOyaf8LsteDAj2ub,"Slaughter Gang, LLC/Epic/Quality Control Music/Motown/Capitol/Boominati Worldwide/Republic",10B,https://p.scdn.co/mp3-preview/552ef752419042c2bc4f38ab681841959c9f17de?cid=0dd13485836e45ac9134860ee53d835f,https://i.scdn.co/image/ab67616d000048510db43130a9aaa7bae56967ed
81,"GHOST","Jaden,Christian Rich",54,148,"pop rap, rap, ","Hip Hop","GHOST",2018-06-22,02:09,78,53,14,5,25,10,20,-7,C♯/D♭ Major,4,2023-09-25,0aWMostcnfyjuCEcO7sTz5,"MSFTSMusic / Roc Nation Records, LLC",3B,,https://i.scdn.co/image/ab67616d00004851f8c8ecc877fd4146e0cd3b18
82,"WARSAW (feat. 2forwOyNE)","Jack Harlow,2forwOyNE",58,98,"deep underground hip hop, kentucky hip hop, pop rap, rap","Hip Hop","Confetti",2019-09-20,03:07,92,53,5,0,69,0,0,-6,F Minor,4,2023-09-25,2ihL1KGMA0geIqGT5pkZzo,"Generation Now/Atlantic",4A,https://p.scdn.co/mp3-preview/89e8509868fa86cf769383104ec60f2adb195ef1?cid=0dd13485836e45ac9134860ee53d835f,https://i.scdn.co/image/ab67616d0000485157c38b379fbaa7bfef03934d
83,"Cafeteria (feat. Gunna)","CHASE B,Don Toliver,Gunna",54,140,"trap, pop rap, rap, atl hip hop, melodic rap","Hip Hop","Cafeteria (feat. Gunna)",2020-07-24,03:34,70,67,13,0,58,0,30,-6,F#/G♭ Minor,4,2023-09-25,7l28SBHS3zmKDVnOzG8BM7,"Columbia",11A,https://p.scdn.co/mp3-preview/e11e340d48e945d920e1eb529bb50cec08187fec?cid=0dd13485836e45ac9134860ee53d835f,https://i.scdn.co/image/ab67616d000048517e2187a878233d88c7145fca
84,"Money Trees","Kendrick Lamar,Jay Rock",73,72,"conscious hip hop, hip hop, rap, west coast rap, southern hip hop, trap","Hip Hop","good kid, m.A.A.d city (Deluxe)",2012-10-22,06:26,72,53,7,0,34,10,20,-7,G Major,4,2023-09-25,0UtnpKaReKUg2GquaSxCyD,"Aftermath",9B,,https://i.scdn.co/image/ab67616d0000485178de8b28de36a74afc0348b5
85,"SLS","OBOY",39,154,"french hip hop, pop urbaine, rap francais","Hip Hop, World/Traditional","Southside",2018-03-16,02:30,77,53,11,0,34,10,10,-10,C♯/D♭ Major,4,2023-09-25,3su8zlfiJRrC2QKpX3LilN,"SYNDICATE RECORDS",3B,https://p.scdn.co/mp3-preview/7a80402824fe27d239ce183c0d1c750e975573b1?cid=0dd13485836e45ac9134860ee53d835f,https://i.scdn.co/image/ab67616d0000485123200b72d883ffe607a4e74d
86,"Perry Aye (feat. A$AP Rocky, A$AP Nast, Playboi Carti & Jaden Smith)","A$AP Mob,A$AP Rocky,A$AP NAST,Playboi Carti,Jaden",52,118,"hip hop, rap, southern hip hop, trap, east coast hip hop, harlem hip hop, atl hip hop, plugg, pluggnb, rage rap, pop rap","Hip Hop","Cozy Tapes Vol. 2: Too Cozy",2017-08-25,02:26,92,54,5,0,20,0,10,-6,F Minor,4,2023-09-25,0PDwNx6GrHc5sRVy6Hc7GP,"A$AP Worldwide/Polo Grounds Music/RCA Records",4A,https://p.scdn.co/mp3-preview/d65eb01932a6b283ad1040762ece9bcfd3d0d514?cid=0dd13485836e45ac9134860ee53d835f,https://i.scdn.co/image/ab67616d000048515522025c7f727c540839f7d5
87,"Potato Salad","Tyler, The Creator,A$AP Rocky",73,168,"hip hop, rap, east coast hip hop, trap","Hip Hop","Potato Salad",2018-09-28,03:02,54,61,31,0,68,40,20,-6,D Major,4,2023-09-25,1jzIJcHCXneHw7ojC6LXiF,"Columbia/RCA",10B,https://p.scdn.co/mp3-preview/4bbfab0e31b751d2eb30dc60162d0ac54f107706?cid=0dd13485836e45ac9134860ee53d835f,https://i.scdn.co/image/ab67616d00004851215cac8c30b47bb1bfb9d2d1
88,"Waves","Kanye West",75,96,"chicago rap, hip hop, rap","Hip Hop","The Life Of Pablo",2016-06-10,03:01,56,59,5,0,7,0,30,-5,A#/B♭ Major,4,2023-09-25,3nAq2hCr1oWsIU54tS98pL,"Rock The World/IDJ/Kanye LP7",6B,,https://i.scdn.co/image/ab67616d000048512a7db835b912dc5014bd37f4
89,"BUSY / SIRENS","Saba,theMIND",54,134,"alternative r&b, chicago rap, indie hip hop","R&B, Hip Hop","CARE FOR ME",2018-04-05,05:29,67,47,47,0,47,30,10,-10,C♯/D♭ Major,4,2023-09-25,4YdRnTnXYwgI48kkzWy6uk,"Saba Pivot, LLC",3B,https://p.scdn.co/mp3-preview/94f8c8ac8b1ace46d9f9b18b4737b849a98ea951?cid=0dd13485836e45ac9134860ee53d835f,https://i.scdn.co/image/ab67616d000048514bb13f7847252cc829e05aa6
90,"Pound Cake / Paris Morton Music 2","Drake,JAY-Z",67,164,"canadian hip hop, canadian pop, hip hop, pop rap, rap, east coast hip hop, gangster rap","Hip Hop, Pop","Nothing Was The Same (Deluxe)",2013-01-01,07:13,52,76,14,0,27,50,10,-7,D Major,4,2023-09-25,4RI9eX7jNcdaQOJifn7t6z,"Cash Money Records/Young Money Ent./Universal Rec.",10B,,https://i.scdn.co/image/ab67616d00004851adfb5909ec66db5fbb4d06c8
91,"Desires (with Future)","Drake,Future",67,145,"canadian hip hop, canadian pop, hip hop, pop rap, rap, atl hip hop, southern hip hop, trap","Hip Hop, Pop","Dark Lane Demo Tapes",2020-05-01,03:57,81,51,28,0,55,10,30,-8,F Minor,4,2023-09-25,7eYAHC0RbBF9eaqWzT34Aq,"OVO",4A,,https://i.scdn.co/image/ab67616d00004851bba7cfaf7c59ff0898acba1f
92,"WHO? WHAT!","Travis Scott",71,140,"hip hop, rap, slap house","Hip Hop, Electronic","ASTROWORLD",2018-08-03,02:56,83,73,5,0,68,0,0,-6,A#/B♭ Minor,4,2023-09-25,4KYS9GK68yeuUJ8vJfPxrq,"Cactus Jack / Epic",3A,https://p.scdn.co/mp3-preview/2dbb11f0b30231653d4073c9a0009463ee17402c?cid=0dd13485836e45ac9134860ee53d835f,https://i.scdn.co/image/ab67616d00004851072e9faef2ef7b6db63834a3
93,"We Paid (feat. 42 Dugg)","Lil Baby,42 Dugg",77,135,"atl hip hop, atl trap, rap, trap, detroit trap, southern hip hop","Hip Hop","My Turn (Deluxe)",2020-05-01,03:01,93,54,14,0,56,20,0,-5,C♯/D♭ Major,4,2023-09-25,6gxKUmycQX7uyMwJcweFjp,"Quality Control/Motown Records",3B,,https://i.scdn.co/image/ab67616d0000485176a4577dd654bf457a4ad1f8
94,"Death","Trippie Redd,DaBaby",33,164,"melodic rap, rap, trap, hip hop, north carolina hip hop, pop rap","Hip Hop","A Love Letter To You 4",2019-11-22,02:52,80,82,6,0,61,10,10,-6,A#/B♭ Minor,4,2023-09-25,3Kd6Wp3lG5HXMB2dlvuy7y,"TenThousand Projects, LLC",3A,,https://i.scdn.co/image/ab67616d00004851cd81b9f0393348b6537c9d92
95,"Rap Saved Me (feat. Quavo)","21 Savage,Offset,Metro Boomin,Quavo",69,143,"atl hip hop, hip hop, rap, pop rap, trap, melodic rap","Hip Hop","Without Warning",2017-10-30,04:17,85,40,1,74,15,30,10,-8,C♯/D♭ Major,4,2023-09-25,0tdCy39PgWN8LFWu34ORn3,"Slaughter Gang, LLC/Epic/Quality Control Music/Motown/Capitol/Boominati Worldwide/Republic",3B,https://p.scdn.co/mp3-preview/650662d2649ecfa65d8ea2b4b15339b8ddced323?cid=0dd13485836e45ac9134860ee53d835f,https://i.scdn.co/image/ab67616d000048510db43130a9aaa7bae56967ed
96,"Chateau","Jaden,A$AP Rocky",42,140,"pop rap, rap, east coast hip hop, hip hop, trap","Hip Hop","ERYS (Deluxe)",2019-07-05,02:15,76,81,25,0,23,20,30,-4,G#/A♭ Major,4,2023-09-25,2mbAFKj9gePjW91G1WH3sp,"MSFTSMusic / Roc Nation Records",4B,,https://i.scdn.co/image/ab67616d0000485160ec4df52c2d724bc53ffec5
97,"Only You Freestyle","Headie One,Drake",63,147,"uk hip hop, canadian hip hop, canadian pop, hip hop, pop rap, rap","Hip Hop, Pop","Only You Freestyle",2020-07-20,04:08,68,83,56,0,80,20,20,-3,F Major,4,2023-09-25,4OENnoidV0h8gJV6bhrw7r,"Relentless Records",7B,https://p.scdn.co/mp3-preview/1f477c1c2aca3352c63b0e90dcef078cdc0c144b?cid=0dd13485836e45ac9134860ee53d835f,https://i.scdn.co/image/ab67616d0000485195716719bcb760795a0c15bf
98,"First Off (feat. Travis Scott)","Future,Travis Scott",62,162,"atl hip hop, hip hop, rap, southern hip hop, trap, slap house","Hip Hop, Electronic","Future Hndrxx Presents: The WIZRD",2019-01-18,03:48,73,68,1,0,45,0,20,-6,C♯/D♭ Major,4,2023-09-25,3WRIaWsws011vHMd9uzPjG,"Epic/Freebandz",3B,https://p.scdn.co/mp3-preview/048ab386f8f26947966e321e38586010e5a54cc0?cid=0dd13485836e45ac9134860ee53d835f,https://i.scdn.co/image/ab67616d00004851e111437ad4fd3f50c8461ec5
99,"LOSE IT (feat. Lil Baby)","Quavo,Lil Baby",54,125,"atl hip hop, melodic rap, rap, trap, atl trap","Hip Hop","QUAVO HUNCHO",2018-10-12,03:57,96,57,2,0,73,30,10,-6,G Major,4,2023-09-25,69PkhA9q3xCWU2CzoZnLAu,"Quality Control Music/Motown Records/Capitol Records",9B,,https://i.scdn.co/image/ab67616d00004851a1fc738279f01eb8086fc44d
100,"Go","Huncho Jack,Travis Scott,Quavo",54,135,"melodic rap, trap, hip hop, rap, slap house, atl hip hop","Hip Hop, Electronic","Huncho Jack, Jack Huncho",2017-12-21,02:36,76,90,32,0,58,0,30,-1,F Minor,4,2023-09-25,4RgoqOBE34Q6zZj8K7RUAx,"Quality Control Music - Epic",4A,,https://i.scdn.co/image/ab67616d00004851631973893e94d01cfcdf0e5e
101,"Cocoon","Migos",0,120,"atl hip hop, hip hop, pop rap, rap, trap","Hip Hop","Cocoon",2016-05-05,04:57,58,83,19,0,36,20,0,-4,G Major,4,2023-09-25,7uYbpT7Wfsu0w1eccEKDvM,"Quality Control Music",9B,,https://i.scdn.co/image/ab67616d00004851a96cf14c3eb63587872370d0
102,"Bosses Don't Speak","Quality Control,Migos",55,155,"melodic rap, trap, atl hip hop, hip hop, pop rap, rap","Hip Hop","Quality Control: Control The Streets Volume 1",2017-12-08,04:01,82,49,5,0,15,40,10,-8,D Major,4,2023-09-25,1C8yDcVIhBObN58cSS8oX9,"Quality Control Music, LLC",10B,,https://i.scdn.co/image/ab67616d00004851e540272ec3db0c1cdf517f5b
103,"Too Hotty","Quality Control,Migos,Eurielle",60,130,"melodic rap, trap, atl hip hop, hip hop, pop rap, rap, fantasy","Hip Hop, Folk/Acoustic","Quality Control: Control The Streets Volume 1",2017-12-08,04:55,89,40,19,0,16,20,10,-7,C♯/D♭ Major,4,2023-09-25,3hWUIMNBwLNug1O8o2PPRW,"Quality Control Music, LLC",3B,,https://i.scdn.co/image/ab67616d00004851e540272ec3db0c1cdf517f5b
104,"Blue Notes","Meek Mill",70,141,"hip hop, philly rap, pop rap, rap, southern hip hop, trap","Hip Hop","DC4",2016-10-28,03:47,52,43,67,0,18,20,10,-8,E Major,4,2023-09-25,7Gs3otHnZDq514kFHf0nx7,"MMG/Atlantic",12B,https://p.scdn.co/mp3-preview/09545a8b9e5b9c5090717b6a7f34d779dfa3b4a9?cid=0dd13485836e45ac9134860ee53d835f,https://i.scdn.co/image/ab67616d000048510a6f4e78a01fd779ebaace83
105,"U Deserve It","Trippie Redd,Chris King,Quan'ta",19,110,"melodic rap, rap, trap, ","Hip Hop","A Love Letter To You 4",2019-11-22,04:04,82,51,55,0,55,0,0,-7,F Major,4,2023-09-25,4hQ6o8ECY5MyHyodnyOHEw,"TenThousand Projects, LLC",7B,,https://i.scdn.co/image/ab67616d00004851cd81b9f0393348b6537c9d92
106,"Who Needs Love","Trippie Redd",43,109,"melodic rap, rap, trap","Hip Hop","A Love Letter To You 4",2019-11-22,02:38,85,52,76,0,87,0,0,-8,C Minor,4,2023-09-25,2ktxr00GpTtbMNeBjNeY8D,"TenThousand Projects, LLC",5A,,https://i.scdn.co/image/ab67616d00004851cd81b9f0393348b6537c9d92
107,"Mamacita (feat. Rich Homie Quan & Young Thug)","Travis Scott,Rich Homie Quan,Young Thug",69,115,"hip hop, rap, slap house, atl hip hop, southern hip hop, trap, atl trap, gangster rap, melodic rap","Hip Hop, Electronic","Mamacita (feat. Rich Homie Quan & Young Thug)",2014-08-18,04:34,82,77,1,0,22,0,10,-6,B Major,4,2023-09-25,3SEd8nPd8MpGwk6ZZ8tk2j,"Cactus Jack / Epic",1B,https://p.scdn.co/mp3-preview/e3a954e55d60f969fd099d7657193474761a4276?cid=0dd13485836e45ac9134860ee53d835f,https://i.scdn.co/image/ab67616d00004851a53a4cb046216d7ac049b5bf
108,"Beautiful","Eminem",73,132,"detroit hip hop, hip hop, rap","Hip Hop","Relapse: Refill",2009-05-15,06:32,73,70,25,0,47,0,0,-4,F Minor,4,2023-09-25,1HR2CTi0ytRJIcik1QKdOa,"Aftermath",4A,,https://i.scdn.co/image/ab67616d00004851506c4cc93e5a6234164125e1
109,"Get Back","Pop Smoke",75,142,"brooklyn drill, rap","Hip Hop","Meet The Woo 2",2020-02-07,01:48,80,65,7,0,57,30,50,-7,A Major,4,2023-09-25,3DWjFSDEQ9IWz1mj449fB7,"Victor Victor Worldwide",11B,,https://i.scdn.co/image/ab67616d0000485162a57823eced1cb4fd93b2c1
110,"FRANCHISE (feat. Young Thug & M.I.A.)","Travis Scott,Young Thug,M.I.A.",74,155,"hip hop, rap, slap house, atl hip hop, atl trap, gangster rap, melodic rap, trap, escape room, indietronica, new rave","Hip Hop, Pop, Rock, Electronic","FRANCHISE (feat. Young Thug & M.I.A.)",2020-09-25,03:22,84,70,1,0,55,20,20,-5,G#/A♭ Minor,4,2023-09-25,4jVBIpuOiMj1crqd8LoCrJ,"Cactus Jack/Epic",1A,https://p.scdn.co/mp3-preview/3d7f1f2cd4ec44cabd409d30a6d2145c61bf122d?cid=0dd13485836e45ac9134860ee53d835f,https://i.scdn.co/image/ab67616d0000485170f2ab5608885749f7210b5f
111,"Scenario","Pop Smoke",62,143,"brooklyn drill, rap","Hip Hop","Meet The Woo",2019-07-26,04:01,71,83,10,0,56,30,20,-4,F#/G♭ Minor,4,2023-09-25,2T1GbU75iGVtOhNUbZuNqk,"Victor Victor Worldwide/Republic Records",11A,,https://i.scdn.co/image/ab67616d000048518fe5d04b06aff90f9fe796f5
112,"Stockton","Spencer the MC",0,146,"","","Stockton",2019-07-05,03:20,70,57,65,0,14,10,20,-8,G#/A♭ Major,4,2023-09-25,3xkya9at09g0s4V1pWA7q4,"Suspense Records, LLC",4B,,https://i.scdn.co/image/ab67616d00004851e615be36b87c0b671737c130
113,"Slidin","21 Savage,Metro Boomin",73,153,"atl hip hop, hip hop, rap","Hip Hop","SAVAGE MODE II",2020-10-02,03:05,77,71,0,0,38,30,10,-6,D Major,4,2023-09-25,7fxSLnklnayJNBIKntXedZ,"Slaughter Gang, LLC/Epic/Boominati Worldwide/Republic",10B,https://p.scdn.co/mp3-preview/0a366a97a07c5537c857268c71f9aecf8e05a878?cid=0dd13485836e45ac9134860ee53d835f,https://i.scdn.co/image/ab67616d00004851aa57907bf0cb2ca0c8cc74bc
114,"Many Men","21 Savage,Metro Boomin",72,78,"atl hip hop, hip hop, rap","Hip Hop","SAVAGE MODE II",2020-10-02,03:21,64,79,0,75,28,0,10,-4,A#/B♭ Minor,4,2023-09-25,3CDVMejYHnB1SkEEx0T1N4,"Slaughter Gang, LLC/Epic/Boominati Worldwide/Republic",3A,https://p.scdn.co/mp3-preview/dda4988abb7f4a8b8322c56ed2033d5636158892?cid=0dd13485836e45ac9134860ee53d835f,https://i.scdn.co/image/ab67616d00004851aa57907bf0cb2ca0c8cc74bc
115,"It Was A Good Day","Ice Cube",84,82,"conscious hip hop, g funk, gangster rap, hip hop, rap, west coast rap","Hip Hop","The Predator",1992-11-17,04:20,80,74,33,0,79,10,20,-5,G Minor,4,2023-09-25,2qOm7ukLyHUXWyR4ZWLwxA,"Priority Records",6A,,https://i.scdn.co/image/ab67616d00004851994c319841a923465d62e271
116,"Borrowed Love (feat. Swae Lee & WizKid)","Metro Boomin,Swae Lee,Wizkid",0,129,"rap, melodic rap, trap, afrobeats, afropop, azonto, nigerian hip hop, nigerian pop","R&B, Pop, World/Traditional, Hip Hop","NOT ALL HEROES WEAR CAPES",2018-11-02,03:50,52,59,44,0,39,40,10,-9,B Minor,5,2023-09-25,0McI9sOmkpfd4E72njtU0G,"Republic Records",10A,,https://i.scdn.co/image/ab67616d00004851184cc62dccee251dafefefee
117,"Tell The Vision (feat. Kanye West & Pusha T)","Pop Smoke,Kanye West,Pusha T",63,144,"brooklyn drill, rap, chicago rap, hip hop, gangster rap, pop rap, southern hip hop, trap, virginia hip hop","Hip Hop","Faith",2021-07-16,03:35,66,69,25,0,68,30,30,-8,G Major,4,2023-09-25,2UwALqx6yOsXTFt7zRxnts,"Victor Victor Worldwide",9B,,https://i.scdn.co/image/ab67616d0000485179476cf856443329e6c52c04
118,"Too Much","Drake,Sampha",63,140,"canadian hip hop, canadian pop, hip hop, pop rap, rap, alternative r&b, indie soul","R&B, Hip Hop, Pop","Nothing Was The Same (Deluxe)",2013-01-01,04:21,67,56,17,0,14,50,10,-6,F#/G♭ Major,4,2023-09-25,5LnXWeA9tuWKI2C1H74iiJ,"Cash Money Records/Young Money Ent./Universal Rec.",2B,,https://i.scdn.co/image/ab67616d00004851adfb5909ec66db5fbb4d06c8
119,"1 Scale (feat. G Herbo)","Young Dolph,G Herbo",72,135,"memphis hip hop, rap, southern hip hop, tennessee hip hop, trap, chicago drill, chicago rap, drill","Hip Hop","Rich Slave",2020-08-14,02:56,88,64,3,0,33,20,20,-6,F#/G♭ Minor,4,2023-09-25,5gmkw2031VVIboYqPIjSWB,"Paper Route EMPIRE",11A,https://p.scdn.co/mp3-preview/b5dabb851b93b5cbc5f0645da5f233a4adbb926a?cid=0dd13485836e45ac9134860ee53d835f,https://i.scdn.co/image/ab67616d00004851d2ac2d5b457bcad2eddef496
120,"100 Shooters (feat. Meek Mill & Doe Boy)","Future,Meek Mill,Doe Boy",56,121,"atl hip hop, hip hop, rap, southern hip hop, trap, philly rap, pop rap, atl trap, memphis hip hop, ohio hip hop","Hip Hop","High Off Life",2020-05-15,03:28,83,66,1,0,20,10,20,-6,C♯/D♭ Minor,5,2023-09-25,3Uoy2lrZdhocMWO0jIdjAp,"Epic/Freebandz",12A,https://p.scdn.co/mp3-preview/a70d2f1104f7ed0c2fb913e0f8c5d81e6dcf8a6e?cid=0dd13485836e45ac9134860ee53d835f,https://i.scdn.co/image/ab67616d00004851935d8d5369bc55e74a39303e
121,"CIRCUS MAXIMUS (feat. The Weeknd & Swae Lee)","Travis Scott,The Weeknd,Swae Lee",76,125,"hip hop, rap, slap house, canadian contemporary r&b, canadian pop, pop, melodic rap, trap","R&B, Pop, Hip Hop, Electronic","UTOPIA",2023-07-28,04:18,68,76,0,1,25,0,30,-6,C♯/D♭ Major,4,2023-09-25,4GL9GMX9t7Qkprvf1YighZ,"Cactus Jack/Epic",3B,https://p.scdn.co/mp3-preview/29d195c9a6fdc0ea788676cc9794230095e1343f?cid=0dd13485836e45ac9134860ee53d835f,https://i.scdn.co/image/ab67616d00004851881d8d8378cd01099babcd44
122,"TOPIA TWINS (feat. Rob49 & 21 Savage)","Travis Scott,Rob49,21 Savage",83,160,"hip hop, rap, slap house, new orleans rap, atl hip hop","Hip Hop, Electronic","UTOPIA",2023-07-28,03:43,72,57,6,0,33,0,0,-4,C♯/D♭ Minor,4,2023-09-25,0lodMO0qK83vfPiiD7FMEt,"Cactus Jack/Epic",12A,https://p.scdn.co/mp3-preview/76d5c47412a36ad9982df6d2769bca0ceb6e1d9e?cid=0dd13485836e45ac9134860ee53d835f,https://i.scdn.co/image/ab67616d00004851881d8d8378cd01099babcd44
123,"MELTDOWN (feat. Drake)","Travis Scott,Drake",87,112,"hip hop, rap, slap house, canadian hip hop, canadian pop, pop rap","Hip Hop, Pop, Electronic","UTOPIA",2023-07-28,04:06,56,77,1,0,40,30,40,-5,G Minor,4,2023-09-25,67nepsnrcZkowTxMWigSbb,"Cactus Jack/Epic",6A,https://p.scdn.co/mp3-preview/7c7e0e4419d101bcf73764f245639d7bc83b662a?cid=0dd13485836e45ac9134860ee53d835f,https://i.scdn.co/image/ab67616d00004851881d8d8378cd01099babcd44
124,"FE!N (feat. Playboi Carti)","Travis Scott,Playboi Carti",91,148,"hip hop, rap, slap house, atl hip hop, plugg, pluggnb, rage rap","Hip Hop, Electronic","UTOPIA",2023-07-28,03:11,57,88,3,0,20,0,10,-3,D#/E♭ Minor,4,2023-09-25,42VsgItocQwOQC3XWZ8JNA,"Cactus Jack/Epic",2A,https://p.scdn.co/mp3-preview/4b0178cf6991f59db18e12e2219ff11e27474b0a?cid=0dd13485836e45ac9134860ee53d835f,https://i.scdn.co/image/ab67616d00004851881d8d8378cd01099babcd44
125,"HYAENA","Travis Scott",79,97,"hip hop, rap, slap house","Hip Hop, Electronic","UTOPIA",2023-07-28,03:42,61,75,3,0,46,0,10,-5,G#/A♭ Major,4,2023-09-25,0hL9gOw6XBWsygEUcVjxEc,"Cactus Jack/Epic",4B,https://p.scdn.co/mp3-preview/966e20875b66ea22371fa9383d31b1cdc445baf1?cid=0dd13485836e45ac9134860ee53d835f,https://i.scdn.co/image/ab67616d00004851881d8d8378cd01099babcd44
126,"You Know How We Do It","Ice Cube",81,93,"conscious hip hop, g funk, gangster rap, hip hop, rap, west coast rap","Hip Hop","Lethal Injection",1993-12-07,03:52,75,52,10,5,60,0,10,-11,A#/B♭ Minor,4,2023-09-25,2Ih217RCGAmyQR68Nn7Cqo,"Priority Records",3A,,https://i.scdn.co/image/ab67616d0000485168820c2a3865d138ab7daba3
127,"Wouldn't Leave","Kanye West,PARTYNEXTDOOR",65,164,"chicago rap, hip hop, rap, r&b, urban contemporary","Hip Hop, R&B","ye",2018-06-01,03:25,56,43,50,0,35,50,30,-9,D#/E♭ Major,4,2023-09-25,1nGoy0cEj0extAwXYNYTWd,"Getting Out Our Dreams, Inc./Def Jam Recordings",5B,,https://i.scdn.co/image/ab67616d000048510cd942c1a864afa4e92d04f2
128,"Open Arms (feat. Travis Scott)","SZA,Travis Scott",81,78,"pop, r&b, rap, hip hop, slap house","Hip Hop, Pop, R&B, Electronic","SOS",2022-12-09,03:59,67,59,76,1,22,10,10,-8,A Major,4,2023-09-25,0xaFw2zDYf1rIJWl2dXiSF,"Top Dawg Entertainment/RCA Records",11B,https://p.scdn.co/mp3-preview/13f76ff738fcb47ae54529c427d35bf4729db55e?cid=0dd13485836e45ac9134860ee53d835f,https://i.scdn.co/image/ab67616d0000485170dbc9f47669d120ad874ec1
129,"No Sense (feat. Key Glock)","Young Dolph,Key Glock",69,124,"memphis hip hop, rap, southern hip hop, tennessee hip hop, trap","Hip Hop","Rich Slave",2020-08-14,02:20,95,66,3,0,78,20,10,-7,F#/G♭ Major,4,2023-09-25,67K5Ki1bLemeOlN012sip8,"Paper Route EMPIRE",2B,https://p.scdn.co/mp3-preview/e5d3a310f16331ac5889b727ba729b89deae4e14?cid=0dd13485836e45ac9134860ee53d835f,https://i.scdn.co/image/ab67616d00004851d2ac2d5b457bcad2eddef496
130,"Not Finished","Lil Baby",69,142,"atl hip hop, atl trap, rap, trap","Hip Hop","It's Only Me",2022-10-14,02:43,79,52,1,0,9,10,30,-7,C♯/D♭ Major,4,2023-09-25,2A0G0bPmlkUXUbvWqrAXzg,"Quality Control Music/Motown Records",3B,,https://i.scdn.co/image/ab67616d0000485166b04b41fa6f8908dce86695
131,"Face Of My City (feat. Lil Baby)","Jack Harlow,Lil Baby",63,156,"deep underground hip hop, kentucky hip hop, pop rap, rap, atl hip hop, atl trap, trap","Hip Hop","Thats What They All Say",2020-12-11,02:03,74,57,0,0,34,30,50,-8,C♯/D♭ Minor,4,2023-09-25,6MDdceLYec4AxohmorE4vH,"Generation Now/Atlantic",12A,https://p.scdn.co/mp3-preview/d54720d5dc76a0730018ce112bbbb41d2d5d1dec?cid=0dd13485836e45ac9134860ee53d835f,https://i.scdn.co/image/ab67616d00004851aeb14ead136118a987246b63
132,"Legacy (feat. Travis Scott & 21 Savage)","Offset,Travis Scott,21 Savage",65,128,"atl hip hop, hip hop, pop rap, rap, trap, slap house","Hip Hop, Electronic","FATHER OF 4",2019-02-22,04:04,84,51,18,0,34,30,0,-9,C♯/D♭ Major,4,2023-09-25,7pMRoGLEJuFM2wl5pt0R99,"Quality Control Music/Motown Records",3B,,https://i.scdn.co/image/ab67616d000048517028679269dc6a5a29ce8f36
133,"Banking On Me","Gunna",74,135,"atl hip hop, melodic rap, rap, trap","Hip Hop","Banking On Me",2022-02-14,03:20,79,31,61,0,46,0,10,-10,C Minor,4,2023-09-25,7Fege3yv4dvehB3NdRBGwI,"300 Entertainment",5A,https://p.scdn.co/mp3-preview/c9e7e4d5325227a2379fa1d914a099fa96c66d8f?cid=0dd13485836e45ac9134860ee53d835f,https://i.scdn.co/image/ab67616d000048518538ab9fb154445316929c23
134,"Sandman","A$AP Rocky",66,120,"east coast hip hop, hip hop, rap, trap","Hip Hop","LIVE.LOVE.A$AP",2011-10-31,03:20,53,50,14,0,30,0,10,-9,G#/A♭ Major,4,2023-09-25,0qkA0NU7cDKWkFXNGRcNaB,"A$AP Worldwide/Polo Grounds Music/RCA Records",4B,https://p.scdn.co/mp3-preview/a8b1c48bd114f5481dfe4a45967744175a3fb38f?cid=0dd13485836e45ac9134860ee53d835f,https://i.scdn.co/image/ab67616d00004851c8ced8a4d6b6b61eb592f3dd
135,"25k jacket (feat. Lil Baby)","Gunna,Lil Baby",67,115,"atl hip hop, melodic rap, rap, trap, atl trap","Hip Hop","DS4EVER",2022-01-13,02:00,90,54,16,0,74,20,10,-7,F Minor,4,2023-09-25,6tsVFchreYTt2OPXSOoFCX,"300 Entertainment",4A,https://p.scdn.co/mp3-preview/fbf3974a71af724c81e7d1e279adc9fab89a44e0?cid=0dd13485836e45ac9134860ee53d835f,https://i.scdn.co/image/ab67616d0000485114d91ebdd6d7e2931322cc1a
136,"Tric Or Treat","Young Dolph",58,115,"memphis hip hop, rap, southern hip hop, tennessee hip hop, trap","Hip Hop","Tric Or Treat",2019-10-31,03:17,97,77,21,0,90,10,10,-5,C♯/D♭ Major,4,2023-09-25,2nMWvwPhdi1oUizCfC6QLZ,"Paper Route EMPIRE",3B,https://p.scdn.co/mp3-preview/7adf98fc6019248f136de607da3509694dbf54ca?cid=0dd13485836e45ac9134860ee53d835f,https://i.scdn.co/image/ab67616d000048511b11056c040f043d1e2a7724
137,"The Bigger Picture","Lil Baby",61,96,"atl hip hop, atl trap, rap, trap","Hip Hop","My Turn (Deluxe)",2020-10-01,04:12,59,62,1,0,15,30,20,-6,C♯/D♭ Major,3,2023-09-25,3HNWVQHXpW70ubsDhvnegu,"Quality Control/Motown Records",3B,,https://i.scdn.co/image/ab67616d00004851aca2750de362a4660b693411
138,"Anything Goes","Marlo,Lil Baby",53,140,"atl trap, atl hip hop, rap, trap","Hip Hop","The Real 1",2018-09-14,01:54,86,47,5,0,44,10,10,-9,G Minor,4,2023-09-25,4ijoZsRr3IIGo8d8ZYOL2R,"Quality Control Music (Caroline)",6A,,https://i.scdn.co/image/ab67616d000048518e8383f006f24cdf444e57d2
139,"Sneakin’","Drake,21 Savage",0,85,"canadian hip hop, canadian pop, hip hop, pop rap, rap, atl hip hop","Hip Hop, Pop","Sneakin’",2016-10-24,04:11,81,56,0,0,26,10,10,-7,G#/A♭ Major,4,2023-09-25,7vL1M0BHhpjbaKrwRimJ4L,"Universal Music Group",4B,,https://i.scdn.co/image/ab67616d00004851417a617bc81965a5ec2a0c4e
140,"EA (feat. 21 Savage)","Young Nudy,21 Savage",79,87,"pluggnb, rap, trap, atl hip hop, hip hop","Hip Hop","SlimeBall 2",2017-08-11,03:47,45,88,26,0,23,40,10,-5,A#/B♭ Minor,5,2023-09-29,68MTDH8Kk4jBEV1ah0n89s,"Paradise East Records, LLC",3A,https://p.scdn.co/mp3-preview/30118c80b53ad81a70f353b1088b6e76ab12f2bd?cid=0dd13485836e45ac9134860ee53d835f,https://i.scdn.co/image/ab67616d0000485156bf918dc517050ebf113d22
141,"Calling For You (feat. 21 Savage)","Drake,21 Savage",62,121,"canadian hip hop, canadian pop, hip hop, pop rap, rap, atl hip hop","Hip Hop, Pop","For All The Dogs",2023-10-05,04:45,58,55,5,0,8,0,10,-7,D Major,4,2023-10-08,4ZerVPIpjjqG7pGQJ9KgDT,"OVO/Republic",10B,,https://i.scdn.co/image/ab67616d000048510ebdbd881e232d18445ace27
142,"Fear Of Heights","Drake",62,137,"canadian hip hop, canadian pop, hip hop, pop rap, rap","Hip Hop, Pop","For All The Dogs",2023-10-05,02:35,71,31,1,0,6,10,10,-9,G Minor,4,2023-10-08,2GB0DlX5l8gmqAW0SQa6yF,"OVO/Republic",6A,,https://i.scdn.co/image/ab67616d000048510ebdbd881e232d18445ace27
143,"First Person Shooter (feat. J. Cole)","Drake,J. Cole",68,122,"canadian hip hop, canadian pop, hip hop, pop rap, rap, conscious hip hop, north carolina hip hop","Hip Hop, Pop","For All The Dogs",2023-10-05,04:07,55,64,2,0,26,30,30,-8,B Minor,4,2023-10-08,759fzpnRkH3yjHsqBsXwKK,"OVO/Republic",10A,,https://i.scdn.co/image/ab67616d000048510ebdbd881e232d18445ace27
144,"IDGAF (feat. Yeat)","Drake,Yeat",70,137,"canadian hip hop, canadian pop, hip hop, pop rap, rap, pluggnb, rage rap","Hip Hop, Pop","For All The Dogs",2023-10-05,04:20,68,66,3,0,16,20,20,-8,G#/A♭ Major,4,2023-10-08,6G4q8Qb7CQP5gVtzQNK0zT,"OVO/Republic",4B,,https://i.scdn.co/image/ab67616d000048510ebdbd881e232d18445ace27
145,"8am in Charlotte","Drake",63,77,"canadian hip hop, canadian pop, hip hop, pop rap, rap","Hip Hop, Pop","For All The Dogs",2023-10-05,04:26,43,67,66,0,65,20,50,-6,A Major,4,2023-10-08,6NWlMpjEXx3u9f5liDGuE5,"OVO/Republic",11B,,https://i.scdn.co/image/ab67616d000048510ebdbd881e232d18445ace27
146,"SKITZO (feat. Young Thug)","Travis Scott,Young Thug",77,83,"hip hop, rap, slap house, atl hip hop, atl trap, gangster rap, melodic rap, trap","Hip Hop, Electronic","UTOPIA",2023-07-28,06:06,47,55,10,0,35,20,30,-7,F Minor,4,2023-10-11,0bkV1iQHSxBaksUqgEkcbc,"Cactus Jack/Epic",4A,https://p.scdn.co/mp3-preview/cd30d69492cf560a098fd76378ed240c8f14985d?cid=0dd13485836e45ac9134860ee53d835f,https://i.scdn.co/image/ab67616d00004851881d8d8378cd01099babcd44
147,"Act Up (with Jon Batiste)","Lil Wayne,Jon Batiste",48,87,"hip hop, new orleans rap, pop rap, rap, trap, new orleans jazz","Hip Hop, Jazz","Tha Fix Before Tha VI",2023-09-29,03:38,51,69,42,0,21,10,10,-6,E Minor,4,2023-10-11,1Wj0cZxHcg39CCtbpsBAlF,"Young Money Records, Inc./Republic Records",9A,,https://i.scdn.co/image/ab67616d0000485122bc4bb1bed9da44b798857b
148,"Locked Up","Akon",65,90,"dance pop","Pop","Trouble",2006-01-01,03:55,83,58,3,0,41,0,10,-4,G Major,4,2023-10-11,0YUrjFy4qFKOO5NhM9tYdV,"SRC Records",9B,,https://i.scdn.co/image/ab67616d00004851f6e36c5147681093d71b3efe
149,"Bad Girls, Good Vibes","Ufo361",55,128,"german cloud rap, german hip hop","Hip Hop","Rich Rich",2020-04-24,01:47,83,37,52,2,16,10,0,-13,G Minor,4,2023-10-19,6yW9L3jmDtuTioA3einarN,"Stay High",6A,https://p.scdn.co/mp3-preview/2dcb136ad09868b8b6c573efdcca622de25214c2?cid=0dd13485836e45ac9134860ee53d835f,https://i.scdn.co/image/ab67616d00004851ecde67937abc8ad947917e05
150,"8701","JID,6LACK",56,174,"hip hop, pop rap, rap, underground hip hop, atl hip hop, melodic rap, r&b, trap","Hip Hop, R&B","The Never Story",2017-03-10,01:51,55,64,11,0,42,40,10,-9,E Minor,4,2023-11-14,0gmYtRyuvRKpd6cCApSDTh,"J. Cole/ DreamVille",9A,,https://i.scdn.co/image/ab67616d00004851f705b14ca8b81af140d1f1d3
151,"MOONSHOOTER","Ab-Soul,Joey Bada$$",53,82,"conscious hip hop, hip hop, rap, underground hip hop","Hip Hop","HERBERT",2022-12-16,04:13,50,88,40,0,70,40,10,-7,F Minor,4,2023-11-14,2z2jZzZabHWHP0e7ulELQS,"Top Dawg Entertainment",4A,https://p.scdn.co/mp3-preview/c792c9eb70f47b2b9552caa3b45f8b131c1ca055?cid=0dd13485836e45ac9134860ee53d835f,https://i.scdn.co/image/ab67616d00004851940300fd91d0e1ca28ad3dcf
152,"BIG DAWG","Offset",61,146,"atl hip hop, hip hop, pop rap, rap, trap","Hip Hop","SET IT OFF",2023-10-13,01:45,87,73,19,0,89,30,0,-5,C♯/D♭ Major,4,2023-11-14,28wtiGfwWVdxbZDW52S3kz,"Motown Records",3B,,https://i.scdn.co/image/ab67616d000048518473cdc72d9c6f9a2787e070
153,"NIGHT VISION","Offset",59,90,"atl hip hop, hip hop, pop rap, rap, trap","Hip Hop","SET IT OFF",2023-10-13,03:12,47,80,0,0,7,0,20,-6,B Minor,4,2023-11-14,0mEgIH5sUXjZicMa4NSkUe,"Motown Records",10A,,https://i.scdn.co/image/ab67616d000048518473cdc72d9c6f9a2787e070
154,"DON'T YOU LIE","Offset",68,120,"atl hip hop, hip hop, pop rap, rap, trap","Hip Hop","SET IT OFF",2023-10-13,03:11,84,76,21,0,36,10,30,-5,G#/A♭ Minor,4,2023-11-14,0MSTxF501TyzjuRTHZz46g,"Motown Records",1A,,https://i.scdn.co/image/ab67616d000048518473cdc72d9c6f9a2787e070
155,"FAN","Offset",68,164,"atl hip hop, hip hop, pop rap, rap, trap","Hip Hop","SET IT OFF",2023-10-13,02:36,64,85,25,0,41,40,10,-5,F Minor,4,2023-11-14,41JN30LlL093JqC2YUJ0IW,"Motown Records",4A,,https://i.scdn.co/image/ab67616d000048518473cdc72d9c6f9a2787e070
156,"ON THE RIVER","Offset",75,160,"atl hip hop, hip hop, pop rap, rap, trap","Hip Hop","SET IT OFF",2023-10-13,01:36,75,62,48,0,28,20,10,-5,G Minor,4,2023-11-14,1aLpfH1M7Y4ZngOmSiHk0l,"Motown Records",6A,,https://i.scdn.co/image/ab67616d000048518473cdc72d9c6f9a2787e070
157,"BROAD DAY (feat. Future)","Offset,Future",74,190,"atl hip hop, hip hop, pop rap, rap, trap, southern hip hop","Hip Hop","SET IT OFF",2023-10-13,02:48,68,66,5,0,16,20,10,-6,D Major,4,2023-11-14,6Qc90FMwNUjJ2M893RdYUg,"Motown Records",10B,,https://i.scdn.co/image/ab67616d000048518473cdc72d9c6f9a2787e070
158,"HOP OUT THE VAN","Offset",60,129,"atl hip hop, hip hop, pop rap, rap, trap","Hip Hop","SET IT OFF",2023-10-13,02:00,91,81,1,1,30,0,30,-4,C♯/D♭ Major,4,2023-11-14,6Ez0uo35BcJ7TaknGDnH5v,"Motown Records",3B,,https://i.scdn.co/image/ab67616d000048518473cdc72d9c6f9a2787e070
159,"SKYAMI (feat. Mango Foo)","Offset,Mango Foo",59,136,"atl hip hop, hip hop, pop rap, rap, trap, atl trap","Hip Hop","SET IT OFF",2023-10-13,03:33,81,65,17,0,17,10,10,-6,C♯/D♭ Major,4,2023-11-14,1bEwAeGJvobpPDTkw1mnb3,"Motown Records",3B,,https://i.scdn.co/image/ab67616d000048518473cdc72d9c6f9a2787e070
160,"Fear Of Heights","Drake",74,137,"canadian hip hop, canadian pop, hip hop, pop rap, rap","Hip Hop, Pop","For All The Dogs",2023-10-06,02:35,58,33,1,0,7,20,10,-9,A#/B♭ Major,4,2023-11-14,53KaP77tkliz36LPxWGlWK,"OVO/Republic",6B,,https://i.scdn.co/image/ab67616d000048517d384516b23347e92a587ed1
161,"Sacrifices","Drake,2 Chainz,Young Thug",62,139,"canadian hip hop, canadian pop, hip hop, pop rap, rap, atl hip hop, southern hip hop, trap, atl trap, gangster rap, melodic rap","Hip Hop, Pop","More Life",2017-03-18,05:07,90,44,4,0,53,40,10,-12,G#/A♭ Major,4,2023-11-19,0xl1w2q4VLojeXp4JfazPL,"Cash Money Records/Young Money Ent./Universal Rec.",4B,,https://i.scdn.co/image/ab67616d000048514f0fd9dad63977146e685700
162,"Memphis, Pt. 2","AG Club,NLE Choppa,A$AP Ferg",56,149,"indie hip hop, memphis hip hop, rap, hip hop, pop rap, southern hip hop, trap","Hip Hop","Fuck Your Expectations PT. 2",2021-04-30,03:44,70,66,29,0,35,40,20,-8,C♯/D♭ Major,4,2023-12-02,2s70rmZJrQ7XakOBHnB6U2,"COR/TAN Records / TheNamelessCollective",3B,https://p.scdn.co/mp3-preview/ecb7473c6280045ae2aed117eb0352943e0f0b42?cid=0dd13485836e45ac9134860ee53d835f,https://i.scdn.co/image/ab67616d000048518482256583743528d347723e
163,"Super Cell","Trippie Redd",27,155,"melodic rap, rap, trap","Hip Hop","Trip At Knight (Complete Edition)",2021-08-21,02:41,64,76,2,0,60,10,0,-4,E Minor,4,2023-12-13,2RZ5LHKUW30P4Pu76h4wep,"1400 Entertainment, Inc. / 10K Projects",9A,,https://i.scdn.co/image/ab67616d00004851d01b8867ca76ba7a4c15a9a4
164,"BRODIES","Ufo361,Gunna",56,77,"german cloud rap, german hip hop, atl hip hop, melodic rap, rap, trap","Hip Hop","BRODIES",2023-01-20,02:30,76,41,2,0,28,20,10,-10,D Major,4,2023-12-14,1pGxSl5VmzBtejKSmuAKKU,"Stay High",10B,https://p.scdn.co/mp3-preview/6b2927b8621084682d1c4fe12b1c4902058ce40a?cid=0dd13485836e45ac9134860ee53d835f,https://i.scdn.co/image/ab67616d00004851d076ec9e67fadcb4eb2c628c
165,"Straightenin","Migos",24,136,"atl hip hop, hip hop, pop rap, rap, trap","Hip Hop","Culture III (Offset's Way)",2021-06-10,04:15,85,63,3,0,11,10,10,-6,A Major,4,2023-12-28,2YMTtNDLDVW6Rozi7ysYdN,"Quality Control Music/Motown Records",11B,,https://i.scdn.co/image/ab67616d00004851bc419e422eac95d1f6a97c2b
166,"See Today","Chuuwee,Trizz",34,120,"indie hip hop, sacramento hip hop, soul flow, underground hip hop, deep underground hip hop","Hip Hop","AmeriKKa's Most Blunted 3",2018-09-28,03:11,80,46,1,0,12,10,0,-9,C♯/D♭ Major,4,2024-01-07,2WfsAJqLEWBVKka0WCN7Zx,"Below System Records",3B,https://p.scdn.co/mp3-preview/d55e57fe4a1b082f6986792559f36032574f00c4?cid=0dd13485836e45ac9134860ee53d835f,https://i.scdn.co/image/ab67616d0000485136bd20596695a945b7ed3f60
167,"all of me","21 Savage",85,160,"atl hip hop, hip hop, rap","Hip Hop","american dream",2024-01-12,03:18,65,81,12,0,79,30,80,-6,F Minor,4,2024-01-14,2FoahzOSxJnalPA8aBUme3,"Slaughter Gang, LLC/Epic Records",4A,https://p.scdn.co/mp3-preview/2cc64684c2165df343528df009b514c504781313?cid=0dd13485836e45ac9134860ee53d835f,https://i.scdn.co/image/ab67616d00004851bbdceba2bf1867d4966d0347
168,"dark days","21 Savage,Mariah the Scientist",80,82,"atl hip hop, hip hop, rap, alternative r&b","R&B, Hip Hop","american dream",2024-01-12,04:55,69,58,23,0,14,10,10,-5,D Minor,4,2024-01-14,02Cp3VTUWNed8hr69BhKz6,"Slaughter Gang, LLC/Epic Records",7A,https://p.scdn.co/mp3-preview/f6b3ee0e969cac9e6ba60d139b9aae98879ae3a3?cid=0dd13485836e45ac9134860ee53d835f,https://i.scdn.co/image/ab67616d00004851bbdceba2bf1867d4966d0347
169,"red sky","21 Savage,Tommy Newport,Mikky Ekko",81,115,"atl hip hop, hip hop, rap, kansas indie, nashville indie","Hip Hop, Pop, Folk/Acoustic","american dream",2024-01-12,02:56,68,62,18,0,40,0,10,-8,C Minor,4,2024-01-14,4yLyVdEqV790aIXyGif85v,"Slaughter Gang, LLC/Epic Records",5A,https://p.scdn.co/mp3-preview/0297a0aa49cbb86e036346ea70e3d9d29cbbc4fc?cid=0dd13485836e45ac9134860ee53d835f,https://i.scdn.co/image/ab67616d00004851bbdceba2bf1867d4966d0347
170,"pop ur shit","21 Savage,Young Thug,Metro Boomin",83,123,"atl hip hop, hip hop, rap, atl trap, gangster rap, melodic rap, trap","Hip Hop","american dream",2024-01-12,03:13,86,50,33,5,29,10,10,-7,F#/G♭ Minor,4,2024-01-14,47yD0e9MCRIB8dgUXPfyW3,"Slaughter Gang, LLC/Epic Records",11A,https://p.scdn.co/mp3-preview/9c024a67a415f54cabae17a63890a749fa13be51?cid=0dd13485836e45ac9134860ee53d835f,https://i.scdn.co/image/ab67616d00004851bbdceba2bf1867d4966d0347
171,"redrum","21 Savage",88,172,"atl hip hop, hip hop, rap","Hip Hop","american dream",2024-01-12,04:30,62,74,1,0,25,0,50,-8,D Major,4,2024-01-14,52eIcoLUM25zbQupAZYoFh,"Slaughter Gang, LLC/Epic Records",10B,https://p.scdn.co/mp3-preview/2b8a27eaa7c7abde2f487bcf373e0da7fdd318df?cid=0dd13485836e45ac9134860ee53d835f,https://i.scdn.co/image/ab67616d00004851bbdceba2bf1867d4966d0347
172,"n.h.i.e.","21 Savage,Doja Cat",85,132,"atl hip hop, hip hop, rap, dance pop, pop","Hip Hop, Pop","american dream",2024-01-12,02:23,82,51,9,4,16,0,10,-9,F Minor,4,2024-01-14,6x9pCndnXEoea0CMcfjs9W,"Slaughter Gang, LLC/Epic Records",4A,https://p.scdn.co/mp3-preview/954e513cc2b5c9102a978476b4eac778a7d965c7?cid=0dd13485836e45ac9134860ee53d835f,https://i.scdn.co/image/ab67616d00004851bbdceba2bf1867d4966d0347
173,"TELEKINESIS (feat. SZA & Future)","Travis Scott,SZA,Future",87,83,"hip hop, rap, slap house, pop, r&b, atl hip hop, southern hip hop, trap","Hip Hop, Pop, R&B, Electronic","UTOPIA",2023-07-28,05:53,46,54,57,0,22,0,10,-5,F Minor,4,2024-01-17,1i9lZvlaDdWDPyXEE95aiq,"Cactus Jack/Epic",4A,https://p.scdn.co/mp3-preview/044ceba2a9451325fc9bf007447a2bdc333123b9?cid=0dd13485836e45ac9134860ee53d835f,https://i.scdn.co/image/ab67616d00004851881d8d8378cd01099babcd44
174,"Yes Indeed","Lil Baby,Drake",84,120,"atl hip hop, atl trap, rap, trap, canadian hip hop, canadian pop, hip hop, pop rap","Hip Hop, Pop","Harder Than Ever",2018-05-18,02:22,96,35,4,0,56,50,10,-9,F Minor,4,2024-01-18,6vN77lE9LK6HP2DewaN6HZ,"Quality Control Music, LLC",4A,,https://i.scdn.co/image/ab67616d000048516cab41f8c84d6164976400d4
175,"No Role Modelz","J. Cole",91,100,"conscious hip hop, hip hop, north carolina hip hop, rap","Hip Hop","2014 Forest Hills Drive",2014-12-09,04:52,69,52,32,0,49,30,0,-8,A#/B♭ Minor,4,2024-01-18,68Dni7IE4VyPkTOH9mRWHr,"Roc Nation Records LLC",3A,,https://i.scdn.co/image/ab67616d00004851c6e0948bbb0681ff29cdbae8
176,"goosebumps","Travis Scott",89,130,"hip hop, rap, slap house","Hip Hop, Electronic","Birds In The Trap Sing McKnight",2016-09-16,04:03,84,73,8,0,43,0,10,-3,G Major,4,2024-01-18,6gBFPUFcJLzWGx4lenP6h2,"Cactus Jack / Epic",9B,https://p.scdn.co/mp3-preview/5c45fee2743d39984ed2c1e2493d04a42d626f81?cid=0dd13485836e45ac9134860ee53d835f,https://i.scdn.co/image/ab67616d00004851f54b99bf27cda88f4a7403ce
177,"God's Plan","Drake",87,77,"canadian hip hop, canadian pop, hip hop, pop rap, rap","Hip Hop, Pop","Scorpion",2018-06-29,03:18,75,45,3,0,36,10,50,-9,G Major,4,2024-01-18,6DCZcSspjsKoFjzjrWoCdn,"Cash Money/Drake LP6",9B,,https://i.scdn.co/image/ab67616d00004851f907de96b9a4fbc04accc0d5
178,"SICKO MODE","Travis Scott",87,155,"hip hop, rap, slap house","Hip Hop, Electronic","ASTROWORLD",2018-08-03,05:12,83,73,1,0,45,20,10,-4,G#/A♭ Major,4,2024-01-18,2xLMifQCjDGFmkHkpNLD9h,"Cactus Jack / Epic",4B,https://p.scdn.co/mp3-preview/8229545ded5cacf393f62b17af653dfc8171fc85?cid=0dd13485836e45ac9134860ee53d835f,https://i.scdn.co/image/ab67616d00004851072e9faef2ef7b6db63834a3
179,"HUMBLE.","Kendrick Lamar",87,150,"conscious hip hop, hip hop, rap, west coast rap","Hip Hop","DAMN.",2017-04-14,02:57,91,62,0,0,42,10,10,-7,C♯/D♭ Minor,4,2024-01-18,7KXjTSCq5nL1LoYtL7XAwS,"Aftermath",12A,,https://i.scdn.co/image/ab67616d000048518b52c6b9bc4e43d873869699